T,X,Y
0,0.0,0.0
1,-0.43602737512777795,0.09567510444012374
2,-0.06772694956044151,0.17212125535967915
3,0.2589040307290902,0.48079045638992834
4,0.5670067190103225,0.2653959241220972
5,0.787841437468388,-0.13688715837109877
6,0.5400132048956694,-0.4014753977634449
7,0.7188036531764529,-0.3877056750649721
8,0.9447136039780853,-0.3305406693777101
9,0.9853823136988457,-0.34399831524387836
10,0.6842994723300071,-0.604498358801403
11,0.21142814384457365,-0.5492419043464669
12,0.41293714073710586,-0.983534328841756
13,0.15235961253308344,-0.8998891715598705
14,0.2432709831484403,-0.9953745672420863
15,0.33798308115268194,-1.2795560131419053
16,0.0606393980644625,-1.0987206711666204
17,-0.10759105707221622,-0.650971044050791
18,-0.2904405601290608,-0.34738061313798724
19,-0.31534051576615135,0.09730615363649425
20,-0.25216493872271434,0.06237692923177314
21,-0.17011635288075208,0.14105893890592774
22,-0.22469968790812572,0.3889071210862503
23,-0.6437071646479415,0.4004826974317691
24,-0.6556179655894206,0.5190512523478938
25,-0.6554002614954356,0.5177461645547712
26,-0.24858079847545,0.44249835200947885
27,-0.42622441094328267,0.49317509896332967
28,-0.622819393555092,0.9130643233418952
29,-0.7028159936920012,0.9803971118926472
30,-0.5541099010494114,1.133125480858833
31,-0.6880393138674907,1.368432906031261
32,-1.1534460135633302,1.3706016243477535
33,-1.0921989523662894,1.4909113381214216
34,-0.9633907193070893,1.6559527059099002
35,-1.176133881017542,1.460271311621396
36,-1.2993730195350248,1.3581768518843045
37,-1.0632621485934333,0.9542798763757185
38,-1.2742322676717057,1.1698070824597357
39,-1.3601519606903734,1.0873697878281154
40,-1.4263607330705206,1.3004209771016542
41,-1.754306405388953,0.9988031317398948
42,-1.640773572977018,0.8064279385167255
43,-1.6387285905940523,0.8136445540987349
44,-1.4833886462932193,0.6052021554381354
45,-1.7642767110695814,0.27759776625621374
46,-1.5342678823158558,0.2035247170576612
47,-1.594722839994972,0.1869697103907064
48,-1.4570927308811545,0.2836096606650895
49,-1.4983823686864792,0.28017965073656936
50,-1.6856327911653743,0.7298572724658421
51,-1.7873087707866675,0.7462235451198408
52,-2.0683353090078134,0.5425375287106143
53,-1.8217787392637201,0.7560806000857041
54,-1.698469084269365,0.7331895917436764
55,-1.4791070453744202,0.7120797524234235
56,-1.8703743233863495,0.8781662461591406
57,-1.5703034584903457,0.7433742669871157
58,-1.114387457247768,0.832055734890823
59,-1.4673187991195402,1.0268171727989943
60,-1.3644255595049832,0.998099381753806
61,-1.2901604399118585,0.9905565993029649
62,-1.0972145147542038,0.6515404965487259
63,-0.9922639191119493,0.5460136306764536
64,-0.688455584212144,0.7714265780096442
65,-0.5129470350833102,0.6886077251351782
66,-0.4665029896814191,0.514819644491092
67,-0.4913647219433771,0.5297823620579923
68,-0.4901177053674209,0.5709698545791153
69,-0.3742332245311059,0.4569287635728886
70,-0.657192516488187,0.5099166729439383
71,-0.3648096569470517,0.8797452654176705
72,-0.15845120530348056,0.978637076881989
73,-0.21570236755852035,1.0842766041714333
74,-0.5031264447107764,0.7332331770100813
75,-0.2678240265874068,0.7809709866429324
76,-0.28491765472529706,1.0613296848462128
77,-0.1564332907376695,0.9259417324537713
78,-0.1357664262396976,0.7842555141481664
79,-0.1436670818249155,0.596182584991044
80,0.22237552799693233,0.45608603891568733
81,0.12452142574858653,0.5302033595177207
82,-0.08115094414622083,0.6103750358199644
83,-0.4667160868776203,0.4412355388790141
84,-0.6903704091733109,0.5049179527498305
85,-0.4995469359377137,0.42160831427675166
86,-0.5119619150262766,0.4050827028830682
87,-0.7855742336501434,0.4766791243393341
88,-0.7612722808201532,0.47751790589517035
89,-0.9089354957962117,0.23554161244249852
90,-0.8541512810424197,0.14883502671812737
91,-0.8368450101964086,0.16938968121747794
92,-0.8874739493459667,-0.08059873767285436
93,-1.1756718514643714,0.25538424178254643
94,-1.237264183247182,0.23195113862891867
95,-1.566597951657993,0.09085120708131114
96,-1.9566751870352923,-0.1563439114332072
97,-1.5517092291131394,-0.1433719142999145
98,-1.2220087515240792,0.022113222634646046
99,-1.250088980748278,0.32031039629684693
100,-0.952266742916936,0.21855321811757994
101,-1.0338747557651617,0.6791691576308848
102,-1.0542409532211723,0.6787311979371704
103,-1.1345420495226464,0.6687499568195717
104,-0.969718579897949,0.44851907299534033
105,-0.9560595061854912,0.4452791918406158
106,-1.0000626990850432,0.43997332100255165
107,-0.732331196231543,0.7062483655535583
108,-0.6297274513988367,0.9446746977364712
109,-0.6014210134560326,0.9543272809569668
110,-0.6391759143936852,0.7918179594852178
111,-0.7043346487280733,0.5713171062960913
112,-0.6808958530517787,0.09119870565575317
113,-0.6633330332206757,-0.18786036127187544
114,-0.5415164649342812,-0.16405366036551527
115,-0.26607769414132315,0.09349971766529169
116,-0.4301329224776029,0.5552107426193416
117,-0.3506677976216063,0.9758742986835733
118,-0.38119963615588637,1.222163467660335
119,-0.3987666712048236,1.3293912767764604
120,-0.4269787306863875,1.321324580416807
121,-0.5807535247295226,1.3239951105862988
122,-0.47363748531258265,0.8718775648558861
123,-0.47741146896892245,0.8663062181561169
124,-0.9196480216389242,0.7278051684831488
125,-0.5653537123853764,0.7254881501108152
126,-0.4690909749493141,0.7238540066745197
127,-0.628722841419506,0.4810372077471725
128,-0.6496683382428601,0.381781013573557
129,-0.8038102757421423,0.408077788376603
130,-1.1476093945776409,0.2765198262180044
131,-1.3159413060734146,0.09095454903881603
132,-1.1278129120726963,0.0017506178358638325
133,-1.4396596249010116,-0.08321946840432608
134,-1.165945171388457,-0.4185055679402952
135,-1.1007860106702505,-0.4180157125053278
136,-1.1006945160273334,-0.4181114374577451
137,-1.0379431212709451,-0.5373223419539187
138,-1.3765649818755423,-0.4838522645627591
139,-1.443835175797623,-0.3359514764488015
140,-1.3383092390366393,-0.09940794452787793
141,-1.7584799551685046,0.035090734729279316
142,-1.695454229430225,-0.045721843672227966
143,-1.7320306337403153,-0.3199329316890515
144,-1.504324819364761,0.020650518935579232
145,-1.4782513910501924,-0.34096582730439934
146,-1.2551912769245204,-0.7314759482865807
147,-1.2592658190580759,-0.7077076689983105
148,-1.2982889197248837,-0.7174560546451582
149,-1.3951431399131822,-0.7099107867433945
150,-1.3796590183466422,-0.5336378563784523
151,-1.3381853378865611,-0.6920777754853003
152,-1.4955063333444298,-0.6151501118672211
153,-1.5611313126295923,-0.704906622868448
154,-1.8611864869844696,-0.7281251012762591
155,-1.7241553789843818,-1.2000202208940833
156,-1.4077108924212638,-0.9085547630883217
157,-1.5072677707597497,-0.7839579261400477
158,-1.2590780737358354,-0.9767320531892149
159,-1.2527481587112588,-0.5056419205040363
160,-1.0799394666467215,-0.7128338265421879
161,-1.2208460179098912,-0.37395453256498484
162,-1.464905594578981,-0.26183712367221135
163,-1.5861802567455812,-0.08556644391267174
164,-1.5866709718964411,-0.075446686108298
165,-1.9217425413413431,-0.11390881472826514
166,-1.7152426128139788,-0.02471579733486519
167,-2.131739423585447,0.03845123277802112
168,-2.145338068889329,0.01907602165603252
169,-2.399713288085616,-0.1995758150987328
170,-2.4935597352809666,-0.3289355363053281
171,-2.528483336841896,-0.7997603896511863
172,-2.529968807885782,-0.8012383581718604
173,-2.859314546117844,-0.9673879959251933
174,-2.829612291720271,-1.0141189812297353
175,-2.711321651958977,-0.8483334992280239
176,-2.5526266515032257,-0.41710068403926176
177,-2.5509566091143574,-0.40541941690300615
178,-2.414055094527153,-0.46087001184205756
179,-2.678796648403923,-0.3903196267165207
180,-2.8624543595086207,0.05964736849300406
181,-2.800253409111225,0.21479435884647233
182,-2.819631565056564,0.3011852869351249
183,-3.1351901459576723,0.20164496646617797
184,-3.333293930537851,0.07077225366211162
185,-3.3253109340938503,0.049561013590694224
186,-3.2771681160818074,0.2985757784165823
187,-3.360398311807599,0.3790914286736095
188,-3.0696009873603534,0.36327413001200004
189,-3.294989475467607,0.5833634767536363
190,-3.0651980405688812,0.21487501103243833
191,-2.808215403502512,0.46473603898759297
192,-2.831708764047265,0.567651857569603
193,-2.565386301392158,0.6865797403582866
194,-3.019807313848489,0.7014528574671359
195,-2.6506179171082214,0.6702350157616416
196,-2.6298369969656252,0.800841927259752
197,-2.9003525277909334,0.7676195953907516
198,-3.0868725201121507,0.560002969447662
199,-3.073259771500841,0.6848271833823893
200,-3.1445715213256564,0.7672155881083877
201,-3.1786111838512636,0.7436219180644638
202,-3.0424705036125554,0.8033308567938829
203,-2.8463899658340717,0.7292905585038802
204,-3.0931465766027433,0.7613645817562744
205,-2.9303864875267545,0.4543072669805805
206,-2.919456112415264,0.47557198403249684
207,-3.0246376145694565,0.30598682420598156
208,-3.3057423244460633,0.6726572372306214
209,-3.335229253292639,0.17828415795314478
210,-3.1579727932224633,-0.002965813614863061
211,-3.2346681789222984,0.1019713405689211
212,-3.1769898874482396,0.551930670799738
213,-3.122262603942276,0.9636927607772896
214,-3.1556395649496123,1.325385241477289
215,-3.1741850487556613,1.4358369277949319
216,-3.2209670071194707,1.06267685001326
217,-3.2843936749373777,1.5278615227312546
218,-3.41987079058821,1.528894935842544
219,-3.4321829850465395,1.5339492340177732
220,-3.4631413951236687,1.8947148923238335
221,-3.3157783772837846,1.799867246645279
222,-3.4311434763418545,1.7400684396718407
223,-3.3743468384866184,1.6091576384213657
224,-3.340342864404799,2.0693800842656382
225,-3.6353556276116907,1.9425381992103539
226,-4.062242272167986,1.9481735107036733
227,-4.061988797586265,1.9633670116249342
228,-3.8965191905416297,2.188821635126784
229,-3.478071123619182,2.2319470430146726
230,-3.4699730300358516,2.1943073049656796
231,-3.6481094388366895,2.0086090461023396
232,-3.7576937830432975,2.1561985940551445
233,-3.280333740378758,2.1146156830709653
234,-3.7158990285692037,2.1473735021143097
235,-3.593406682818315,2.1468000886225562
236,-3.653549360724861,2.1698704140873013
237,-3.767525075227033,1.9238688686608472
238,-3.962117471124342,2.062429621357927
239,-4.092149647149675,1.8126315167419071
240,-4.119693149049836,1.6459359610479751
241,-3.9726302195130914,1.9010401072261616
242,-3.9793715692822245,1.9655686540769608
243,-3.8182458544714852,1.9353094938760151
244,-4.270128752749952,2.1039377591270996
245,-3.9880068049160053,1.996325438488322
246,-3.6974787730614107,2.0431648445587096
247,-3.7819226872190503,1.8010943277521765
248,-3.7258712813219903,1.3965971479615265
249,-3.4854167353893737,1.175754222570242
250,-3.4431936396449676,1.110423551016989
251,-3.251925390196146,1.4122645558684879
252,-3.240139146371513,1.2242223094968305
253,-3.447512894106186,1.1853724063295366
254,-3.4652794931818005,1.1911321871295844
255,-3.6831123855904204,1.3724878369580285
256,-3.569856193524456,1.8577713921321108
257,-3.65218102634554,1.605065345113132
258,-3.473282707890984,1.319362021058836
259,-3.339213717362955,1.0083038360353527
260,-3.349825281808486,1.0178854606767547
261,-3.343992134326762,1.005810481767121
262,-3.0493812957731716,1.1897330692067143
263,-2.99339328980959,1.1135404003661697
264,-3.054012814521674,1.1506544328837514
265,-3.2300975955748017,1.2990878325420532
266,-3.243150526097954,0.9534566479256998
267,-3.1947221120354032,0.8564661235382715
268,-3.21538552595415,0.8380683999556621
269,-3.213795668603286,0.8270495434882646
270,-3.1624415982344316,0.5742851221382633
271,-3.0275443917352516,0.3174912169605443
272,-2.8105086631574383,0.24482083354352152
273,-2.539690351081407,0.2731719984856936
274,-2.5471538073309077,0.29304735295072837
275,-2.7680897950436,0.23584054637625795
276,-2.738817954660669,0.013815624044158092
277,-2.5113021069563985,0.3041285870344184
278,-2.4161140621815553,0.27210095395062156
279,-2.505555687101489,0.36855383078791504
280,-2.5278729717550275,0.4534698026741268
281,-2.142843800629904,0.2685296712856609
282,-2.406159052626686,0.5232688923189013
283,-2.6024313224762587,0.9189985182775964
284,-2.5997857323930957,0.9263308863855525
285,-2.5984574359340686,1.0705084882347105
286,-2.8117793820634027,1.3236943526296527
287,-2.4579406826978403,1.530352057821562
288,-2.745841793183266,1.4998787232404356
289,-2.7332498129082397,1.4056111708631898
290,-2.8133272882040936,1.6921981499266996
291,-2.7419292427619295,1.739130848376939
292,-2.642014429253139,2.190732203875425
293,-2.6039061878274636,2.23000134148461
294,-2.751074382897654,2.1578208671086245
295,-2.8574002666885745,1.911547661068845
296,-2.420293461530053,2.125312973510281
297,-2.13552290723169,1.9731756799169358
298,-2.108822534452276,2.0488423099240225
299,-2.1088772587597746,2.049112292946968
300,-2.0924072290600404,2.010561226363465
301,-1.88783767978996,2.3653123477094606
302,-2.0697863894249084,2.3620757283501015
303,-2.113245465850097,2.7698286266728673
304,-2.1486823349568427,2.6363251602310633
305,-2.5040743271895876,2.582958927801766
306,-2.495494345626504,2.5851547375162713
307,-2.28706403827845,2.712360562563385
308,-2.2547830274051535,2.7200554489542377
309,-2.541419551518731,2.683916476539467
310,-2.6195343952168146,2.6953130951709308
311,-2.447206145750965,2.5752146614813682
312,-2.599527121978177,2.4778622269529675
313,-2.916934899388998,2.366453748747465
314,-2.7738748270207445,2.7053905637239266
315,-2.48013171142748,2.4990878928725797
316,-2.4390489078546014,2.5321314436694795
317,-2.4840058342368336,2.5136966601945394
318,-2.384982266870888,2.8718445929539294
319,-2.0655094987499756,3.118979367864344
320,-1.8042730049002995,3.1493568698355863
321,-1.8523129758048344,3.0881684904963254
322,-1.8148379164798143,2.9424363162056126
323,-2.2886330520628393,2.9464804142118886
324,-2.0945596593211455,3.2967219030950865
325,-2.1253208751962505,3.2327520681289905
326,-2.202993518031046,3.143393557335494
327,-2.3122762694283674,2.825329403247009
328,-2.4842336022611993,3.005727298975637
329,-2.460242855375412,2.820467873601195
330,-2.7219353122231587,2.8548772207595943
331,-2.7848518611265956,2.833196451418458
332,-2.9685714976950077,2.505073889439687
333,-3.4476627119341337,2.561513090096022
334,-3.6742966111169375,2.203346913104089
335,-3.581130930326869,2.312976984216601
336,-3.5915176722641253,2.3768434276807855
337,-3.5616442017813306,2.261733838235751
338,-3.625640982466662,2.2992110298255044
339,-3.692686343314771,2.2104710139930988
340,-3.7128033637034688,2.388380240238898
341,-3.4647743637874635,2.4605107892868925
342,-3.729628034418761,2.3935842893130146
343,-3.498308221126318,2.5500365624442973
344,-3.552765478465543,2.562256165349572
345,-3.4866254987747003,2.7495244554407767
346,-3.509858111270626,2.7522907914244095
347,-3.440480427755915,2.6087331161054523
348,-3.6412170932669197,2.7372663366496015
349,-3.9873463184510767,2.836894375849723
350,-3.822408280374214,2.8601413776665865
351,-3.887573990424029,2.4628802435133332
352,-3.670307610932252,2.0718111678197633
353,-3.731335351186372,1.6915964069353056
354,-3.267404477185172,1.6041376109804228
355,-3.544268234922406,1.9883826424098183
356,-3.682521365704097,1.6276308622244062
357,-3.3543380443583817,1.3903811421424983
358,-3.406531782723726,1.7902467162329114
359,-3.7109231869918897,1.7035716038042175
360,-3.7600395054769193,1.5912783996663342
361,-3.368992364086537,1.8341049662976525
362,-3.329110760282865,1.8301677957010558
363,-3.139523032645362,2.0820273077770457
364,-2.9366019835953945,1.9335084202054398
365,-2.9379882553270575,1.9348013747820554
366,-2.5650654055674655,1.6323388140173765
367,-2.6257799540854228,1.7350226171801242
368,-2.3373507901330544,1.6722620124202754
369,-2.2926085768644633,1.7823847944129732
370,-2.2570825481421983,1.7900931473478197
371,-2.045768516121323,1.6034873512026375
372,-2.0621521571208765,1.5070963280078509
373,-1.763601295133199,1.3013639905487944
374,-1.7041471227469267,1.025302288698361
375,-1.781009507417932,1.353140689247129
376,-1.561263325844751,1.7977505502347604
377,-1.5496070795547319,1.6826626159317046
378,-1.310558666741054,2.118907442624405
379,-1.272992846608485,1.9920336191901304
380,-1.5293020948798435,2.034826753030691
381,-1.538168821635,1.970213673697526
382,-1.6429993154281324,2.031244737286186
383,-1.672472438180879,1.9203244690525918
384,-1.798931317718489,1.8522471097988036
385,-2.000134476651027,1.658967826984204
386,-2.009666741032281,1.6377483286159273
387,-2.160584323172572,1.6690681773619027
388,-2.069599863563671,1.610975559615263
389,-2.0547303211771646,1.5900370095428116
390,-2.1120043522461898,1.890062260796173
391,-2.12463562466344,1.9604139014386
392,-2.561768531548718,1.8338579836477547
393,-2.794277846612693,2.053304503157779
394,-2.8606624347894023,1.904688307989503
395,-2.999079440758695,1.6299529494415963
396,-2.9954275466150935,1.619357496490452
397,-3.178523462370872,1.7090817768578372
398,-2.755163598377328,1.8004770473454939
399,-2.5597280353527667,1.360591092036251
400,-2.717438755993547,1.2764397386192896
401,-2.774564850993518,1.2920351765369527
402,-2.8862638475027573,1.308315139597006
403,-2.836020649621962,1.2805579548871324
404,-2.4563139609248434,1.081930917768854
405,-2.281264222552972,1.1253175677702583
406,-2.432647744295028,0.927157653250574
407,-2.4748077215031574,1.0081962181960336
408,-2.4086787952282247,1.1249862911339799
409,-2.372124928862407,1.5953108487024856
410,-2.5221343404447047,1.62602975404726
411,-2.4926935704652924,1.7063413309825073
412,-2.4661169519349553,1.7138142176488773
413,-2.1412217317406137,1.7307302088559207
414,-2.1153512422933964,1.8526739220728579
415,-2.284355437069652,1.935483272754938
416,-2.110127321007094,1.9108840905684734
417,-1.6371818880431936,2.0646247569267535
418,-1.7083731181011956,2.167651181323165
419,-1.4437229059764918,1.839537272140916
420,-1.4255373185957512,1.6505882259873865
421,-1.5092513206289113,1.338582324398634
422,-1.4582078607619335,1.1973885247433984
423,-1.8619436951584039,1.2120689111288478
424,-1.6196333713331925,0.8035175829272927
425,-1.3776779983072525,0.5879595164141787
426,-1.2555138151249663,0.5728024664374866
427,-1.476784846316794,0.7162544133502962
428,-1.758578546331159,0.8398851292336053
429,-1.652854123764,0.8234236884528932
430,-1.61513128547471,0.9138939226574239
431,-1.5108478552004083,1.0030699255286013
432,-1.2242531031289012,0.6193116127522191
433,-1.064107031254561,0.7470520937751872
434,-1.0787141545081935,0.6383642907437502
435,-1.0875945810519911,0.39654379401380113
436,-1.0114942998601004,0.14503993725036785
437,-0.9687769078381019,-0.011608732271836758
438,-0.9381542418670844,-0.011718399687100254
439,-0.9457893652964191,-0.015175563345600091
440,-0.7328088518694018,0.32394650052793106
441,-0.7408771933135244,0.3395660349414543
442,-0.9910435292791255,0.06555634239421376
443,-0.8161586808593246,0.4809587443705667
444,-1.0294093075099249,0.5774853464949965
445,-0.6701539559535578,0.8928501638310793
446,-0.8111392726125991,1.1949606485477786
447,-0.892269791630126,1.1133067402981331
448,-0.8773698468798429,1.0595349714322915
449,-0.8103369350374154,1.042425157338756
450,-0.9139028216644179,1.0245464930887622
451,-0.7706226149907527,0.9435141528366733
452,-0.8299408872516973,0.8049794146318899
453,-0.5945106049749633,0.5272942268126248
454,-0.9664575395241988,0.29647760267605416
455,-1.415586067665574,0.41747335096671145
456,-1.3717051405788752,0.4875076872657434
457,-1.0877764826817078,0.29814855928635703
458,-0.8087097006907618,0.20966123455083957
459,-0.5182051202575879,0.5170044754923726
460,-0.3999406260901288,0.7497825092700094
461,-0.10334454775126994,0.7068075891819714
462,-0.5328847272451178,0.8715116666155664
463,-0.4352361793524031,1.064425675945104
464,-0.4662714839887186,1.0889425900043361
465,-0.2414961992299449,1.2956590306178832
466,-0.24177013946111575,1.5854185349408842
467,0.1253024714837685,1.611145993269621
468,-0.10596118889886033,1.3385016861792842
469,-0.14289739262191137,1.3882475725520669
470,-0.06190068997931575,1.377057246616087
471,0.23007738668598865,1.3523600934860185
472,0.16937755508987024,1.699831518708981
473,-0.042426061438074064,1.8004281288798887
474,0.0512407605569877,1.9912298556807555
475,0.10475943715435404,1.537393893409119
476,-0.20238334329042446,1.6377519983632665
477,-0.5753909487955854,1.8720981649368935
478,-0.34160406425037865,1.70840266746483
479,-0.6286119620942036,1.6401167629218139
480,-0.6020118399421759,1.6687330925799846
481,-0.8060725093713461,1.9246981024133478
482,-0.9139432385195406,1.6516018743105605
483,-1.102349452354351,1.1937567318331603
484,-1.0835071370619536,1.2183484972335923
485,-1.0655581749955776,1.1417219754502514
486,-0.9957347544436129,0.9694882254172436
487,-1.0099701736853806,0.9445680946297808
488,-0.9902761216649313,0.9567409281546602
489,-1.1672175612169384,0.6958665764870224
490,-1.207308732460617,0.7762314768828944
491,-1.2071626818086143,0.7801830512082516
492,-1.128185958023154,0.616812768768522
493,-1.1471785449280232,0.898878569954489
494,-1.1078265989297196,1.0097611754654463
495,-1.1493143144267448,0.7514729402271965
496,-1.2347627870681896,0.8444659924028322
497,-1.6114699652755506,0.8475652552557312
498,-1.4136376176565486,1.164918116085159
499,-0.9509675844894544,1.3146803649948118
500,-1.1037491130937365,1.3309911001817243
501,-1.0440428305447877,1.1654531479237678
502,-1.0252575124195746,1.1764065472059553
503,-0.7689020793707537,1.0732329931981164
504,-0.38572199124906753,0.8601622830746133
505,-0.5645478922362408,1.0317245783458657
506,-0.7525556296682501,1.19143212883222
507,-0.548688290092615,1.330882931271221
508,-0.642118711368724,1.3777837602848915
509,-0.7852605104010926,1.1050561951151008
510,-0.7540004094254317,0.6536865691908855
511,-0.7130849458183532,0.3692782791086654
512,-0.924786559724204,0.3276397008833246
513,-0.9978918088650015,0.3791435649958656
514,-0.7304186720875268,0.1990757888594367
515,-0.6530441944605232,0.2822879614504967
516,-0.3471075371005859,0.008489120661336558
517,-0.019928467999726918,-0.10378213676549801
518,-0.0903099675049477,-0.20339589096920707
519,-0.18757518970484016,0.25569867683630626
520,-0.20694031478411135,0.23841517393838768
521,-0.12612878292088775,0.2825849907957441
522,-0.15648961121031546,-0.10426441514760848
523,-0.058540723630376296,-0.09609968762787469
524,-0.04863506775321591,-0.10739054198315504
525,-0.2377601663884042,-0.47489093817134365
526,-0.1796710796925558,-0.48336865799708856
527,-0.1748846775358461,-0.48932219594889675
528,-0.09421285513686348,-0.7387951528287664
529,-0.11871928426680872,-0.7170253855461068
530,-0.12459782879368339,-0.8123600866668154
531,-0.19299391106268238,-0.9048257213364107
532,-0.04804715069863413,-1.0433900060740773
533,0.08618345292256124,-0.7865378648587216
534,0.25301274810439744,-0.5981070946370463
535,0.5165586366125632,-0.47123071160189656
536,0.4206411434184241,-0.49504207482335294
537,0.3364582358827557,-0.5214413916691749
538,0.07050058608894116,-0.20150275160929582
539,-0.23970539451794864,-0.0768704432591823
540,-0.41562275111127506,0.2964458753816687
541,0.009081814585703174,0.4646557930264917
542,0.19507843530461885,0.3001220280893129
543,0.5695528869072055,0.2592487985235088
544,0.6356785224812758,0.582473570483552
545,0.8577194605290573,0.41648123814571514
546,0.8960930341437767,0.3562599721185761
547,0.9795479794089901,0.5153689478936802
548,1.0623329659932028,0.28760190412392345
549,1.1168707376254976,0.28328715438470103
550,1.2676823005463365,0.40725794924385916
551,1.2553550586327733,0.21881624116307818
552,1.249157655523816,0.22448341583308792
553,1.3362796117948623,0.10547366014980815
554,1.193700736751365,0.13920807291365458
555,0.8415948679917233,0.00037574500775860997
556,0.7834430043154783,-0.006549863004722563
557,0.5704102131869069,0.14532036989362812
558,0.6265721757768417,0.12770510638356788
559,0.6573935230668978,0.33365969366204673
560,0.538991511702201,0.4153262781716616
561,0.6635652484584782,0.5052098778992276
562,0.41197123900596827,0.2549738234665712
563,0.24955188404027967,0.4200381544376409
564,0.14610413530132943,0.18587743887198155
565,0.25498411416119754,0.15952722087472254
566,0.7073799882893836,0.2640632232809176
567,0.32534074794324885,0.02563438623763223
568,0.07257412894853044,-0.023470808538371586
569,0.3753991853987893,-0.28000043473973263
570,0.5408431796999855,-0.25602521600505396
571,0.7233263371629651,-0.17059073197508368
572,0.774490751698852,0.012415686615179666
573,0.6954562466841487,0.27739060915164654
574,0.7340821414999855,0.049273053937749806
575,1.0570409400411058,-0.07128904169889487
576,1.0861136567301763,-0.16226633125655454
577,0.8343763416110547,0.06507838920677675
578,0.8730631467604392,-0.2954315865792725
579,0.9777298364109857,-0.25235766235342216
580,1.040783912643576,-0.035103952439960506
581,0.9963678765955227,-0.4086792751669183
582,1.003223786063144,-0.4406321621792989
583,0.9864869903741003,-0.423925904606535
584,0.9852647639670585,-0.4250370304026456
585,1.327458327992432,-0.18147226032111227
586,1.6326134919242432,-0.3118381903724088
587,1.744320735357948,-0.5890341114181261
588,1.7085761446874406,-0.5199213079816148
589,1.3946840810941383,-0.7701930947710454
590,1.5712218857126412,-0.6274359766316358
591,1.565625994102526,-0.6260381198285052
592,1.7796165658326408,-0.17885255778384995
593,1.7807042265394848,-0.26395750634747595
594,1.6545279019933115,-0.19860561655867393
595,1.8072476437217384,-0.09693752957231529
596,1.8463749446473108,-0.18912738427017606
597,1.9564655013820125,-0.040341084732817306
598,2.030273897438966,-0.446600191489961
599,2.0944431611912386,-0.16116655258995888
600,2.065920098597647,-0.13652892634849093
601,1.9441404235952044,0.06535965660335635
602,1.8147330464156295,0.0548827298646293
603,1.5776648993202416,-0.032762581191301716
604,1.6419978422105908,-0.45912563846220356
605,1.7354597637353886,-0.6695252952849514
606,1.505218056290354,-0.3599485409089886
607,1.601384135219931,-0.28197716853687027
608,1.6086998156568793,-0.29735609275707037
609,2.0345342972065965,-0.2552011265664691
610,1.8379497171988572,-0.28053307993847854
611,1.7078527391339948,0.007571996272635051
612,1.67284721047446,0.06550922756197985
613,2.155141861164607,0.19103832924388975
614,1.684192227921793,0.1568086599349056
615,1.5494694539755793,0.11389728253332242
616,1.5121608125535102,0.3790034505545835
617,1.7383269349862018,0.2223401264070788
618,1.7120374846138642,-0.12052816503751418
619,1.4605124392003965,0.12303085567533745
620,1.4476525648546024,0.010065522782759698
621,1.8746886155659488,0.22888907594971536
622,1.7903907332339937,-0.036040605711510854
623,1.7934693169662765,-0.30682353671027823
624,1.8039497425437738,0.11116247024056158
625,1.8447339148694502,-0.06644775979207837
626,1.9445438331051754,-0.10574304403832967
627,2.074360464343029,-0.10555194436926886
628,2.2809695894402866,0.1477161743141409
629,2.4797960289398073,0.22533295438004555
630,2.8031785181056628,0.15822159315619147
631,2.6220172987372563,0.26292873844687636
632,2.6120510668277523,0.2922059221027186
633,2.6275685197947642,0.09455001254721723
634,2.657232869035391,0.5174589781889641
635,2.714607591539647,0.5756534901592586
636,2.6018909765983875,0.9206062749165191
637,2.505864035151981,0.7128397487906715
638,2.7735209677388664,0.2939863453117544
639,2.8948448310857677,0.2241364185150589
640,2.625805554164722,0.32789047999076404
641,2.624370291291668,0.33122866754814756
642,2.204266872184081,0.3919476322605897
643,2.346754814355313,0.11654339385507206
644,2.39962271994548,0.08800766009071544
645,2.254210809315917,0.011770757392657982
646,2.3363485986289945,-0.23525224398767863
647,2.246420236412844,-0.20338982841857567
648,2.0731477221285637,-0.3067299506612905
649,2.190043205527709,-0.6562622877170838
650,1.9365230365008639,-0.8560343746261717
651,1.9312378985706615,-0.7628388031840654
652,1.5955350535679262,-0.4030653845116936
653,1.1940906536004987,-0.6303003791512214
654,0.7697730310451396,-0.7758046102217329
655,0.8578592837265164,-0.9409534961089354
656,1.1513305271828504,-1.2829859066638425
657,1.18465695783554,-1.5893368375857424
658,0.8261566920949366,-1.387777697813301
659,0.9549455661559165,-1.5893993366762311
660,1.3704429400992855,-1.7872947329961173
661,1.4862895133791596,-1.5879338533334635
662,1.3337912051742815,-1.6111807151644915
663,1.4699603117662698,-1.2738473362319358
664,1.142831445914245,-1.6158981738657374
665,0.9797947450232706,-1.7933344126575657
666,1.211009437728107,-1.8476231902932434
667,1.524547215451447,-1.8896111209207669
668,1.4884996344960644,-1.7938367880114334
669,1.0753133915663984,-1.6374010964163823
670,1.29468238182388,-1.606684849211476
671,1.5012046743057823,-1.3715025699455907
672,1.6071525954902457,-1.4392598870837976
673,1.1626482363941115,-1.4596921577175415
674,1.1603341036566843,-1.395537069452307
675,1.1374018105702186,-1.488756974018476
676,1.1741862016455062,-1.5622753302729615
677,1.16710299906802,-1.4559870819545937
678,0.9056298335021254,-1.7466516061873811
679,0.9742363089682039,-1.6312123887912278
680,0.6838770103580372,-1.6963803352986815
681,0.715668256073084,-1.5481124436005713
682,0.6803772148851659,-1.4543911808571057
683,0.573494021798781,-1.4483212526856832
684,0.7680783767828986,-1.3456166794780875
685,0.869869441527463,-1.3410065311032302
686,1.0106982066602088,-1.7321916855805986
687,0.8779825970964613,-1.9512698315094563
688,0.8496897401758781,-1.5170841105355117
689,0.8509561181394638,-1.4633629999434623
690,0.8435221034524313,-1.465353319045606
691,0.9446082838208604,-1.129351358398055
692,0.8372333662799527,-1.3386506567522103
693,0.8082359424524821,-1.3123573043338073
694,0.8064263878379543,-1.3378122969902813
695,0.8433757669207396,-1.149453914073448
696,0.8182409018812,-1.604564004185351
697,0.8159689825100205,-1.7824766575235123
698,0.8465759139112362,-1.5710334542715458
699,1.230582784828301,-1.3062494641599507
700,1.2899080904978537,-1.0404013098245022
701,1.251747081068502,-0.7774633874261827
702,1.3614017373619047,-0.8398958507972468
703,1.7701842182750984,-0.7574448944628626
704,1.5611072477675836,-0.7432756963635603
705,1.6027163719983368,-1.0539101059443539
706,1.5410055029636476,-0.9909277103964129
707,1.7264307644205854,-1.3179989056267898
708,1.8014640081982407,-1.3406321389170102
709,1.8627394816967886,-1.7590719450011325
710,2.0470620707777263,-1.7089441040242932
711,2.2525346456554303,-1.8986055537445496
712,2.1190903978351963,-1.9345724324361635
713,2.152575014467329,-1.8037120738882935
714,2.1726733703923826,-1.5967159974007967
715,2.1387576990199655,-1.6744693122538652
716,1.7406456292555743,-1.8855673749983635
717,1.7092617536322046,-1.7772735353402003
718,1.6712513819553718,-1.79791268966297
719,1.7571540393409815,-1.7742666583495987
720,1.9239510848660595,-2.020965813354855
721,1.888257395497404,-2.2255184841418165
722,2.003837917898883,-1.8715000218865978
723,2.0993950041508636,-1.3910833464843146
724,1.7232244715656302,-1.2590522002977602
725,1.9685458218160528,-1.4071236814782053
726,1.6185791764642499,-1.2926965189290909
727,1.6488336023600423,-1.3052372644545285
728,1.6687493632837356,-1.28960503101468
729,2.151718992572985,-1.2172978623160522
730,2.541089154477705,-1.3108851660968222
731,2.8130946377416657,-0.90211078587125
732,2.591672186336694,-0.91170190666424
733,2.5769349969502584,-1.0036111993945172
734,2.415585661747251,-1.3331937305787886
735,2.603381012009523,-1.3893281660447252
736,2.7849533306677747,-1.2722560827142835
737,2.832448472410075,-1.7067554171487653
738,2.778388087796357,-1.6610593271917546
739,2.6165417623264067,-1.8203026525106862
740,2.703944000614058,-1.9564508893295058
741,2.711347352595568,-2.048566938098928
742,2.3958484089406165,-1.863065267751952
743,2.2678673599275063,-1.4220364282638482
744,2.3765212571950984,-1.809954878610438
745,2.094870568233612,-1.5169320820097674
746,2.483680042141671,-1.2295128629874634
747,2.4090877219212357,-1.2361197140925377
748,2.515875343791768,-1.1948329021823612
749,2.618505139550303,-1.1922114952597875
750,2.600761964119653,-1.1996098644908824
751,2.6361486568441834,-1.505231399269806
752,2.7481236041189514,-1.3264841262305629
753,2.744150953693801,-1.2479401689432645
754,2.3412886191710327,-0.9808044941770278
755,2.345559637576479,-0.9118145698541317
756,2.592505686074303,-0.4960571600959254
757,2.6518864761857555,-0.283124344853651
758,2.2928105195435835,-0.391752938728017
759,2.7728763960867013,-0.40807736429810465
760,2.713515974026209,-0.488335522165841
761,2.495365707408023,-0.5174695383312949
762,2.4949790131331375,-0.31653111049278726
763,2.8815441646833952,-0.4018741862835921
764,2.8947262619249483,-0.6140475239786981
765,3.0322792830149905,-1.0179391660836798
766,3.419647694953566,-1.2275901703209524
767,3.5364999721443473,-1.5374326935582059
768,3.461947681163624,-1.59133113713666
769,3.613790655409875,-1.788049406704817
770,3.6058387402925764,-1.8189556968956466
771,3.603811562345753,-1.7062944858057525
772,4.067840284817486,-1.5574863191314374
773,3.9408400267061348,-1.5709086168556397
774,3.8598147008093404,-1.2081159384549998
775,3.9697651187008174,-0.9015645029325252
776,3.9507740163700595,-0.9570023354259698
777,4.390221782002717,-0.7409596649440344
778,4.470164297399019,-0.963887598426548
779,4.466959893550949,-0.9633442569260828
780,4.4296282702827945,-0.9214278296293479
781,4.583283518155985,-0.825641702198034
782,4.594379149335085,-0.8335749214080602
783,4.43719492065953,-0.42387602265236196
784,4.238374012819618,-0.05879386926447544
785,4.599786551633693,0.23441002025566254
786,4.712828137178246,0.4064268162128653
787,4.636612743581801,0.27041561719459817
788,4.672247481345579,-0.057489759519701866
789,4.601676503715139,0.27880200482917844
790,4.924160681094343,0.26747470279254926
791,4.76206004484096,0.6699117575598017
792,4.6185277212868385,0.6158635431965959
793,4.8021272015835885,0.6018799453988171
794,4.802480448251044,0.6021972233890155
795,4.638037567667983,0.6824671335194088
796,4.599246924570709,0.6072304007750402
797,4.308392262615055,0.8070594729177304
798,4.769505739033191,0.7726848331701901
799,4.7684703747056,0.7456569409584385
800,5.1593255879124476,0.8313438012757532
801,4.809702636881294,0.8175894248805236
802,4.959727828064874,0.5546991488543914
803,4.614089803645349,0.26706980425030563
804,4.5639900730944545,0.1648993244138709
805,4.639628098675534,0.23050107843809045
806,4.263743761328391,-0.0228216758529384
807,4.090656441181132,0.10962324632493234
808,3.7310167043287885,0.42474906787546907
809,3.9642275359617045,0.6653697391552743
810,4.039306628602271,0.24037380101927375
811,3.8927825176714554,0.0430852147655979
812,3.9661829016408343,0.13410826644965845
813,4.279129447178259,0.4172983854346173
814,4.441280808764059,0.45513234241620154
815,4.3933645439162605,0.45101385734390415
816,4.589094685581291,0.2781076647896862
817,4.129772915826568,0.4284368829431977
818,4.1560119250410255,0.9181411824950156
819,3.9737709956138714,0.6141440401887293
820,4.010003730345215,0.16500061065299404
821,4.237068121200895,-0.11483975316368161
822,3.994764830399546,0.017003277027928643
823,3.9423457087323244,0.28163608450145783
824,3.7142247726602546,0.5195356236329752
825,3.5765058577215156,0.8874980073386747
826,3.3075429324588588,0.8947314282702367
827,2.881829662194567,0.7725912631583588
828,2.736670947960902,1.232038268406459
829,2.7582227110847897,1.2836171655080442
830,2.3513281475568,1.2717591132937167
831,2.4741882016329164,1.3738725094300113
832,2.3449254849974976,1.4280703174150013
833,2.445673429524079,1.8247830841677721
834,2.3660887401899897,1.7952065266820223
835,2.195281489654682,1.9077703405617505
836,2.033997988332176,2.2550647099305787
837,2.002696765097257,2.2389851848854234
838,1.8717105891227854,2.1646045094656667
839,2.1806823271180034,2.3738622963976135
840,1.8692793819982738,2.211250863005338
841,1.5046994407692775,2.00993551165977
842,1.1786902194310844,1.8545452085010037
843,1.258436728760405,1.9519706486858153
844,1.309910216828754,2.0697605062237314
845,1.3263114824730022,2.302071236264556
846,0.9403296448967138,2.407681877479084
847,0.9812577247068036,2.2799642473829906
848,0.799208216861464,2.690408231284483
849,0.6225922839895004,2.2481520274369324
850,0.6165904644236124,2.378320200054233
851,0.9674930733213312,2.2661069053593197
852,0.8901246138612529,2.164039288205113
853,1.134262792840382,2.141719776122385
854,1.1374193981217087,1.9501945043861122
855,1.1377995301493042,1.9582308157259367
856,1.5299136730513052,2.2140511080014824
857,1.4678103332279098,2.495298506955162
858,1.6112695731583162,2.800417293575258
859,1.7781950210545907,2.8044533098945243
860,1.8221044211183797,2.9111582403036893
861,1.8664078091588676,2.954218117116853
862,1.5769685364934694,2.842320007873783
863,1.536432572547932,2.8544222349050963
864,1.9398722022405042,2.9928189291279383
865,2.2804087011811456,2.7513429339570803
866,2.043385153009442,3.046456306058304
867,1.758376404269436,2.9053175989569566
868,2.1515856098644743,2.983562383038145
869,2.472854731665674,2.6687819144251765
870,2.184845069551015,2.957893765786569
871,2.243173501989612,2.606524284122421
872,2.1661357626087043,2.51576304410303
873,2.063208024648509,2.6659301757439384
874,1.834136613592716,2.521722941541983
875,1.8432938964190209,2.4502730008818374
876,1.8614000208981965,2.4400799300455565
877,1.9117082509303287,2.483905055859491
878,1.958159843334153,2.9188316439099777
879,2.057796314725329,2.462200886348762
880,1.9101846848299509,2.1243175544535835
881,2.240433212508843,1.90045884871718
882,2.239155536927714,1.900880289745645
883,2.290981882468382,2.2770582205752525
884,2.217240802147209,2.399200913907461
885,2.2205116528785833,2.4187630895552568
886,1.9821332931766982,2.3220501098863666
887,2.2975467197658848,2.1053858361380096
888,2.614550978219193,1.9346954562897947
889,2.7643496924762294,2.0469001432266842
890,3.0860198590838763,2.12832604891223
891,3.469560207497459,2.0195680260037534
892,3.5282541522251836,1.8091922276345542
893,3.868289382902082,1.5202257249455284
894,3.7206173069879225,1.723794585258273
895,3.81870786968599,1.9290488528622467
896,3.8347303934425567,2.169727205940943
897,3.718469638866802,2.562366742351756
898,4.0005367240263014,2.4159498395157493
899,3.8851838491048176,2.040098330375
900,3.9298696754561635,2.1740930058168626
901,3.8439732688941626,2.1582685733216445
902,3.816835001401413,2.1653199422428866
903,3.8297736010609276,2.195072714365625
904,3.782921807225702,2.6552913134358733
905,3.6534104024099148,2.5837988695159484
906,3.8977009869829393,2.212707062708682
907,3.824240841617828,1.8874587278219095
908,3.6822929932827244,2.0143243575456364
909,3.767239376170139,2.0768409176818756
910,3.4262623988663985,1.7547361275393716
911,3.7777850944262426,1.8073628829494677
912,4.076925264348333,2.1682653495187885
913,4.061564929845927,1.832617393583821
914,4.499820270748966,1.6010459554361693
915,4.470448448375675,1.6660647816100087
916,4.297275612369615,1.6538204624811603
917,4.492372210722971,1.5110843183344023
918,4.5261826852730325,1.484510472848481
919,4.73095747279889,1.6069185156828345
920,4.840550931052688,1.7856730683185484
921,4.795428721991712,2.031586969291437
922,4.76940384541071,2.014098204304577
923,4.711279238101127,1.5758257470774952
924,4.486841544463467,1.2816911842503824
925,4.6080439658262975,1.3049068752227517
926,4.543103959894859,1.7470603115671475
927,4.770209398913786,1.9006243750636984
928,5.10729000803634,1.584269676373758
929,5.1103942149981325,1.5661070351639168
930,5.247220280381383,2.0141813792048664
931,5.176965268379421,2.246308063065744
932,5.371606277273735,2.26539225985516
933,5.612903433654876,2.357302744558861
934,6.057885383061674,2.239531627441921
935,6.051400561567363,2.227817869406581
936,5.912078546360522,2.3162038852793114
937,5.58642370056492,2.0715788297650897
938,5.645197351892329,2.1773932761564314
939,5.510343651415648,2.1762298907082904
940,5.4392552981277955,1.7095424350762254
941,5.491710973428457,1.2450985239026244
942,5.500266685450052,1.2332524852384301
943,5.593171485908539,1.2287004890418058
944,5.62560696651473,1.7274749286249627
945,5.7219816699322985,1.7551238147051855
946,5.341036029212345,1.8804717575555063
947,5.070867115334747,2.093879884912173
948,4.916263969838398,2.240554375042921
949,4.98705245020102,2.428763948352239
950,5.18275435130932,2.577007698303383
951,5.229448569282967,2.348342305895824
952,5.135086356451352,2.377477368317211
953,5.095192154340037,2.5298965407400056
954,5.017622139570918,2.4572792118975535
955,4.92414602656246,2.4654880339945286
956,4.88648541128611,2.0661954267537372
957,4.887315157208445,2.066281764759042
958,5.142095179407617,2.0074110718451323
959,5.3444037079367215,2.4412649483725644
960,5.637438621287269,2.3513951246506064
961,5.5322663675923405,2.561005907621777
962,5.560510144753236,2.6397203214540923
963,5.834836715913328,2.302495940373615
964,5.865852082847309,1.8831836806258773
965,6.034853412474361,2.0560745097413102
966,5.732070754829691,2.36277210581497
967,5.668871561017757,2.302880611648426
968,5.670992113502043,2.399383988812224
969,5.54018079099415,2.339615817172255
970,5.763573155513918,2.2560931267321718
971,5.73454461915846,2.326138914588091
972,5.809558244212934,2.6080828959601834
973,5.6064924807992975,2.3877406258933394
974,5.595466053106659,2.2920773564886967
975,5.597123228598392,2.3117802228384647
976,5.378443935970292,2.624399933160449
977,5.285256950355575,2.6436063408862793
978,5.5328096275587475,2.595141660554905
979,5.236751439440243,2.193208245989462
980,5.186034686674378,2.546050894596437
981,5.086059339143744,2.514416600403314
982,5.125800276965838,2.5432656882740767
983,5.222405967377427,2.759662000031891
984,4.836807338151976,2.8035710384036583
985,4.908870844510684,2.499262677831503
986,5.060909164556355,2.270089890107384
987,5.025562078599301,1.8246007123321655
988,4.7186247905293355,1.4901283881641598
989,4.7878712105137025,1.5816766747371207
990,4.9651932121391,1.5180943318169162
991,4.940985717246276,1.204915073360645
992,4.931284575262458,1.116168188659655
993,5.1965932693055725,0.6959432543099222
994,5.461727309913741,0.9036926074200907
995,5.074585375985347,0.7043280367488246
996,4.830932896354261,0.9525658242822215
997,4.671039611731436,1.1703802086017867
998,4.551315781626753,0.7722413487670572
999,4.566708748341186,0.9008367526057623
1000,4.925140015730169,0.9769852301204957
